stop_name,stop_lat,stop_lon
Bologna,44.494887,11.3426163
Torino,45.070312,7.6868565
Modena,44.6488366,10.9200867
Genova,44.405650,8.946256
